MovieID,Title,Genre,ReleaseYear,ReleaseDate,Country,RottenTomatoesScore,NumVotesIMDb,NumVotesRT
1,Might toward capital,Comedy,2003,28-09-2003,China,58,7865,10596
2,He however experience,Comedy,1988,14-02-1988,USA,44,1708,220
3,Star responsibility politics,Comedy,1971,02-11-1971,USA,55,4678,7805
4,Exactly live,Comedy,1998,06-08-1998,USA,87,2467,1751
5,Focus improve especially,Documentary,2021,17-12-2021,India,67,5555,697
6,Deal reveal fine,Drama,1996,09-05-1996,USA,100,362,229
7,Drug when,Comedy,1991,24-09-1991,USA,39,556,98
8,Almost option of,Horror,1990,04-08-1990,USA,75,283,1219
9,Film about training,Drama,1983,12-03-1983,USA,69,1041,1467
10,Begin difficult world,Documentary,2005,06-09-2005,USA,87,10079,514
11,Eight,Documentary,1999,17-09-1999,USA,63,426,456
12,Score by attorney,Comedy,2001,29-06-2001,India,86,22577,1782
13,Nice piece near,Drama,1984,18-07-1984,USA,43,23965,445
14,Among money,Drama,1967,29-05-1967,USA,55,2457,1664
15,Purpose miss others show,Action,1963,18-08-1963,USA,78,934,1602
16,Similar off,Drama,1983,03-03-1983,USA,38,2912,53
17,Accept past she somebody,Horror,2019,07-04-2019,USA,36,8691,3326
18,Memory blue,Thriller,1963,04-09-1963,USA,82,24249,50
19,Sport just score,Drama,2009,23-11-2009,India,55,14306,644
20,Mrs close hotel,Comedy,2004,05-04-2004,USA,80,594,136
21,Agree garden,Romance,2005,23-02-2005,USA,77,46809,684
22,Short phone sometimes product,Drama,2003,26-08-2003,USA,55,27847,6812
23,Identify,Drama,2013,07-10-2013,USA,49,2103,490
24,Large over the,Comedy,2014,11-03-2014,India,82,7987,296
25,Picture value,Drama,2008,12-08-2008,USA,69,23341,199
26,Seem into beyond,Comedy,1998,12-12-1998,USA,54,1520,1312
27,Bad side,Drama,1970,16-05-1970,USA,93,1446,216
28,Second,Romance,2007,04-06-2007,USA,41,571,58
29,Character institution good thousand,Sci-Fi,1990,05-06-1990,USA,90,4652,1610
30,Professor either,Drama,2020,13-06-2020,USA,85,7629,404
31,Model station,Action,1996,21-09-1996,USA,80,239,3468
32,Dinner,Action,2019,31-10-2019,USA,63,2201,1023
33,From cold law,Comedy,2013,02-07-2013,USA,67,1374,50
34,Character return,Drama,2021,03-04-2021,USA,74,26678,112
35,Draw trade,Drama,2021,15-08-2021,USA,78,4570,1065
36,Exist put simply,Horror,2018,20-11-2018,USA,56,2839,141
37,Region region,Drama,2003,03-08-2003,Australia,55,8011,122
38,Can shoulder,Thriller,2017,18-02-2017,USA,27,265,21363
39,Above dog,Action,1985,14-12-1985,UK,78,4232,69
40,Record stay lead,Sci-Fi,2011,17-04-2011,USA,57,2630,149
41,Bank government year,Romance,1993,12-04-1993,USA,47,4131,9710
42,Sing office hair,Sci-Fi,2009,31-05-2009,UK,80,3000,73
43,Head lay,Drama,2015,26-07-2015,USA,71,3443,50
44,Majority,Horror,2019,08-08-2019,France,100,167,61
45,Message bed behind,Drama,2012,25-03-2012,USA,42,11862,58
46,Official possible,Action,2025,17-03-2025,India,61,3080,330
47,Example center man,Drama,2003,25-05-2003,USA,78,1304,197
48,Head team onto model,Drama,2011,24-05-2011,Australia,87,280,986
49,Finish,Thriller,2012,14-11-2012,India,92,4950,149
50,Right,Comedy,1993,25-04-1993,USA,61,4726,1206
51,Dog improve perhaps,Comedy,1994,20-12-1994,India,30,4177,302
52,Strong son travel,Drama,1974,07-01-1974,India,33,1159,759
53,Those arm action,Comedy,2018,09-04-2018,USA,54,579,853
54,Perhaps much enjoy,Comedy,1998,22-11-1998,India,80,89519,15686
55,Difficult success organization,Action,2000,11-12-2000,USA,74,125,6518
56,Usually push,Comedy,1990,03-06-1990,USA,77,2281,222
57,Bring tonight early,Thriller,2024,25-05-2024,USA,55,53650,2321
58,Run statement population,Comedy,1950,08-12-1950,USA,50,10178,1341
59,Issue put yes,Comedy,2000,19-04-2000,USA,88,8358,448
60,Carry section,Action,1991,26-03-1991,USA,44,186,1506
61,Either this now,Drama,2009,17-12-2009,USA,37,234,2301
62,Return speech,Documentary,2010,08-12-2010,UK,55,1415,465
63,Subject next per,Comedy,2003,26-04-2003,USA,82,10760,50
64,Education professor four,Thriller,2012,19-03-2012,USA,72,116,854
65,Program ago,Romance,2019,25-08-2019,USA,58,106,4205
66,Owner four four,Drama,1967,04-05-1967,USA,29,1362,381
67,Until government,Drama,2011,28-11-2011,India,87,3197,885
68,Four forget today,Horror,1965,07-11-1965,USA,47,2379,6081
69,Change think create,Drama,2003,28-09-2003,Australia,54,1796,3796
70,However whom,Action,1978,25-08-1978,USA,97,408,303
71,Form floor thank,Comedy,2006,27-05-2006,USA,78,4494,2286
72,Response main,Sci-Fi,1990,19-04-1990,China,38,59537,332
73,Believe TV past,Drama,1989,18-08-1989,USA,55,8238,747
74,Vote,Drama,2025,03-09-2025,UK,69,30377,191
75,Think exactly,Action,1978,20-11-1978,USA,28,4483,3266
76,Power find,Action,1992,26-10-1992,USA,84,1363,156
77,Market one,Action,2007,19-09-2007,France,83,9695,854
78,All hot,Comedy,2019,17-01-2019,USA,80,337,8294
79,Wide clearly provide,Romance,1983,16-08-1983,USA,73,21230,66
80,Sense relationship leader,Horror,2018,08-01-2018,India,77,172,406
81,Discuss result,Romance,2005,06-07-2005,USA,39,2893,87
82,Away bring,Horror,1968,23-03-1968,USA,58,224,281
83,Fall structure,Drama,1980,13-06-1980,Canada,77,2369,3907
84,Physical say face within,Romance,1963,15-06-1963,USA,84,842,9880
85,Under push evening,Documentary,2025,09-10-2025,USA,72,1736,854
86,Around night,Comedy,2001,31-10-2001,USA,82,6899,1326
87,Focus investment her,Horror,2001,21-01-2001,USA,48,10533,721
88,Fly baby,Drama,2010,01-12-2010,USA,58,3871,50
89,Ask clearly if,Romance,2018,03-06-2018,USA,71,36798,50
90,Speech about someone,Comedy,2017,09-03-2017,USA,80,4238,6086
91,Report physical candidate,Comedy,2016,27-02-2016,Germany,39,27289,79
92,You discover,Romance,1991,20-01-1991,USA,83,8090,18542
93,Alone day official,Romance,1988,18-09-1988,France,82,12762,5849
94,Choose common,Horror,1998,12-07-1998,USA,67,78355,657
95,Wonder young must,Action,2008,26-05-2008,USA,44,64113,77
96,All lot,Drama,2022,24-11-2022,USA,88,2444,2487
97,Lay fill mind,Horror,1957,24-02-1957,USA,36,368,4183
98,Hold,Thriller,1994,09-05-1994,USA,32,221,243
99,However listen each,Thriller,2022,01-04-2022,USA,100,5052,33850
100,Best something last,Comedy,2001,20-09-2001,USA,63,128347,121
101,Hair significant fear,Drama,2004,11-10-2004,UK,58,1748,1944
102,Per,Drama,1996,27-04-1996,USA,62,2688,2768
103,Story when should,Sci-Fi,1982,12-08-1982,USA,73,2151,128
104,Market he suggest,Action,1982,23-11-1982,USA,49,6809,600
105,Ever standard fill,Drama,2005,03-06-2005,USA,77,608,50
106,Debate clear light do,Thriller,1992,10-11-1992,USA,78,4973,360
107,Difference sport face,Comedy,2013,14-02-2013,USA,47,8982,1909
108,Official together sure,Thriller,2015,10-01-2015,USA,60,1002,82
109,Cut success,Drama,2000,17-04-2000,USA,64,12175,80
110,Itself role,Comedy,2000,04-01-2000,USA,76,17403,50
111,Everybody provide skin occur,Action,1995,18-12-1995,Canada,70,6820,50
112,Bar,Action,2001,23-08-2001,USA,49,20081,50
113,Health administration,Sci-Fi,2000,15-09-2000,USA,60,235,618
114,Old course,Thriller,1965,11-04-1965,Japan,69,5833,90
115,Poor case,Horror,2002,03-10-2002,Canada,77,1597,50
116,These example yourself,Comedy,1997,20-08-1997,USA,76,29252,353
117,Dinner instead particularly,Drama,2013,16-06-2013,USA,67,1842,50
118,Strong summer,Documentary,2003,06-01-2003,USA,43,10572,888
119,Course now,Comedy,1985,03-05-1985,USA,61,1892,16043
120,Doctor,Comedy,1986,29-09-1986,USA,92,1098,66
121,Ago every boy,Thriller,2010,06-09-2010,France,71,3891,3800
122,Member,Drama,1994,06-06-1994,UK,68,1198,1553
123,Use area many,Comedy,2019,07-06-2019,China,69,2714,308
124,Every place notice,Comedy,2021,24-03-2021,China,55,6991,1029
125,Market,Action,2014,10-10-2014,USA,59,989,304
126,Within,Horror,2006,06-06-2006,USA,70,6905,50
127,Year final,Action,2014,28-05-2014,USA,87,1998,272
128,Chair deep development,Thriller,1959,13-07-1959,USA,95,18806,258
129,Expert get,Comedy,2004,18-11-2004,USA,84,25966,1124
130,Save better,Thriller,1996,05-10-1996,USA,76,2709,50
131,Design than a,Drama,1962,31-08-1962,USA,36,5097,8034
132,Clear trial some society,Romance,2013,26-10-2013,Australia,68,4078,425
133,Up instead avoid,Drama,2011,12-10-2011,UK,87,14592,59
134,Amount manager reflect detail,Comedy,1964,09-11-1964,USA,53,1462,50
135,Possible yet,Comedy,2017,23-01-2017,Japan,82,1717,1037
136,Picture would bad student,Sci-Fi,1992,03-11-1992,USA,63,12626,565
137,Message remember model everything,Romance,1960,07-02-1960,UK,60,7652,50
138,Yet property fall,Horror,2006,05-03-2006,USA,43,6891,257
139,This before,Comedy,1988,27-10-1988,USA,45,1124,55
140,Machine operation,Horror,2006,08-04-2006,India,79,8081,546
141,Shake too,Horror,1964,03-04-1964,USA,33,972,114
142,Identify nice,Comedy,2009,01-10-2009,USA,48,2078,114
143,Decide body minute,Comedy,2001,10-10-2001,Japan,55,4277,50
144,Than appear middle,Comedy,2019,10-11-2019,India,56,1588,312
145,Itself social,Comedy,2017,14-03-2017,USA,49,1006,547
146,Yet,Comedy,1986,30-06-1986,USA,47,1576,234
147,Green,Drama,2015,30-08-2015,USA,94,292,1572
148,When,Comedy,1961,14-08-1961,USA,93,1304,2971
149,Example center man,Comedy,1997,21-02-1997,USA,43,936,473
150,Conference why final,Romance,2018,29-07-2018,USA,93,10953,546
151,Civil prove space,Thriller,2002,04-06-2002,USA,89,6280,50
152,Letter itself girl guy,Thriller,2014,02-03-2014,USA,78,5010,127
153,Us check artist,Documentary,1999,24-11-1999,USA,69,2071,261
154,Black,Romance,2008,16-05-2008,USA,52,550,223
155,Forward,Romance,2006,02-09-2006,USA,72,5806,4217
156,Citizen fight maintain,Romance,1971,05-08-1971,USA,57,100,778
157,Apply,Thriller,1980,23-03-1980,Germany,54,7637,201
158,Hotel bring,Drama,1998,24-09-1998,USA,77,1813,763
159,Occur wrong,Horror,1982,15-02-1982,USA,96,5564,724
160,Despite relationship,Drama,1981,16-10-1981,UK,98,4205,288
161,Church nearly,Action,2014,24-08-2014,USA,67,4634,132
162,Imagine leader receive,Horror,1979,16-06-1979,USA,64,10357,206
163,Sign low race,Drama,1994,21-02-1994,USA,84,5837,50
164,However,Drama,2024,14-01-2024,USA,70,729,1321
165,Suggest fund,Thriller,1989,29-09-1989,Canada,81,23359,42891
166,Consumer miss themselves,Drama,1970,25-05-1970,USA,55,1089,438
167,Several,Comedy,1989,03-12-1989,USA,62,588,248
168,Charge into,Comedy,1959,07-04-1959,USA,67,924,2017
169,Different about dinner,Horror,1995,29-07-1995,Germany,79,2725,152
170,Language figure bill,Thriller,2022,07-04-2022,UK,55,4101,139
171,President these plant,Comedy,1980,01-09-1980,USA,89,8013,876
172,Give material room,Horror,2017,08-03-2017,USA,78,763,82
173,Environment explain,Documentary,1989,15-11-1989,USA,55,1897,188
174,East suddenly notice,Documentary,2008,21-08-2008,USA,73,4217,50
175,Alone second expect,Drama,2005,03-04-2005,USA,40,4899,1101
176,Detail,Thriller,1991,07-06-1991,India,71,1183,2127
177,Response mission professor,Comedy,1990,17-06-1990,USA,80,2946,466
178,Hear statement,Action,1999,07-12-1999,USA,58,6989,50
179,Low fire strategy,Drama,1996,23-06-1996,USA,76,3945,94
180,Base buy,Thriller,1996,03-02-1996,USA,58,2105,2900
181,Arrive teacher firm north,Horror,2007,30-05-2007,China,54,694,680
182,Lawyer beat foot,Romance,1971,29-04-1971,USA,73,5544,242
183,Value something,Drama,2008,18-02-2008,France,69,3056,1677
184,Adult far surface,Comedy,1988,09-02-1988,Australia,71,10043,50
185,Black,Thriller,2007,19-10-2007,Canada,47,4298,317
186,Agree hour,Action,1992,07-02-1992,USA,38,61619,250
187,Carry story,Horror,2011,15-10-2011,UK,79,551,287
188,Benefit ten,Horror,1964,17-06-1964,USA,58,24538,2602
189,Accept magazine whole,Drama,2004,19-12-2004,USA,64,18340,7701
190,Yes control,Action,2020,31-05-2020,USA,73,785,628
191,Big,Drama,2020,08-04-2020,USA,74,2519,313
192,Concern,Thriller,1984,01-05-1984,USA,81,6148,50
193,Group behavior,Horror,2015,11-06-2015,India,35,678,171
194,Doctor structure by hit,Action,1962,04-09-1962,USA,42,91502,2628
195,After rest act,Romance,1958,03-02-1958,USA,58,452,2242
196,Other perform,Romance,2012,10-02-2012,USA,55,4565,50
197,Hundred wear him,Thriller,1987,11-11-1987,China,96,3571,1964
198,Within,Drama,1999,12-02-1999,USA,67,3096,139
199,Available born whom,Comedy,1959,23-12-1959,USA,55,1902,9195
200,Win,Sci-Fi,1953,04-08-1953,USA,71,1266,50
201,Feeling year,Drama,1973,05-06-1973,Germany,50,6013,1956
202,Lead,Comedy,2007,04-10-2007,USA,60,2090,6482
203,Later per light,Drama,2020,15-09-2020,Australia,67,4139,50
204,Middle firm,Drama,1983,01-06-1983,USA,100,633,2442
205,Figure simple tax,Documentary,1951,15-01-1951,USA,90,10743,226
206,Art the language,Romance,1996,14-10-1996,USA,83,5834,676
207,Out ten air,Thriller,2017,14-02-2017,Canada,75,272,1429
208,Task author,Documentary,2022,15-06-2022,UK,43,4981,1033
209,Stand ever,Drama,2000,26-02-2000,USA,74,576,400
210,South,Comedy,1964,06-09-1964,USA,58,2134,12341
211,Learn cell,Drama,1985,31-01-1985,USA,52,4992,7670
212,Movement value,Horror,2011,23-12-2011,Canada,62,6303,4555
213,Sort hand seem,Action,2019,11-11-2019,USA,57,1713,1109
214,Also analysis sister,Comedy,1981,08-04-1981,USA,57,495,128
215,Smile popular,Comedy,2012,05-12-2012,Japan,55,7958,220
216,Strategy boy nor,Romance,1990,26-06-1990,USA,100,19611,50
217,Item,Documentary,2015,20-12-2015,USA,74,3193,2215
218,Once create,Thriller,2009,14-04-2009,USA,69,11700,852
219,Bank own from,Romance,1973,14-12-1973,USA,63,5239,755
220,Three effort green,Romance,1953,30-11-1953,USA,83,755,95
221,School last,Thriller,1975,01-07-1975,USA,46,1760,127
222,Three find,Comedy,1959,29-10-1959,USA,56,7816,82
223,Moment quality item,Drama,2011,08-07-2011,USA,58,6047,50
224,Everyone add,Comedy,2005,12-12-2005,USA,85,15121,561
225,North several,Romance,2002,04-01-2002,UK,64,7399,50
226,Book treatment run issue,Drama,2018,09-01-2018,India,48,15808,71
227,Safe stay,Sci-Fi,2025,25-10-2025,India,41,11175,1237
228,Quite town,Horror,2015,24-06-2015,USA,78,401,330
229,Listen,Comedy,2023,07-05-2023,USA,64,1386,485
230,Network easy chair,Comedy,1999,22-02-1999,USA,70,4676,1488
231,Their,Thriller,2014,19-05-2014,USA,61,134,74
232,Up security,Thriller,2025,07-02-2025,USA,67,2260,2369
233,Rest clear,Action,1964,07-10-1964,USA,57,1494,94
234,Want voice,Comedy,2009,28-10-2009,Canada,86,581,259
235,Any evidence,Documentary,1991,28-04-1991,USA,57,572,750
236,Art the language,Comedy,2014,28-11-2014,USA,46,313,92
237,Child right,Drama,2013,21-08-2013,USA,51,6208,50
238,Others line four,Documentary,2022,17-01-2022,USA,50,13326,234
239,Type happy meeting,Thriller,1992,12-02-1992,China,52,5267,1399
240,Serve policy,Action,1963,30-09-1963,USA,55,7778,968
241,Down hard use source,Comedy,1966,04-01-1966,USA,70,1031,107
242,Firm good,Drama,1982,29-01-1982,USA,80,26031,69
243,Ask message,Action,2021,22-06-2021,USA,46,2031,689
244,Table pressure,Romance,1965,26-06-1965,UK,80,423,2635
245,Role happy,Drama,1991,31-01-1991,China,57,293890,433
246,Develop movement,Romance,1959,22-05-1959,Japan,79,171,92
247,Section right,Romance,1990,22-10-1990,USA,65,985,292
248,Clearly huge wife,Horror,2018,12-10-2018,USA,51,1444,1856
249,Half alone,Sci-Fi,1997,12-08-1997,USA,71,10605,1164
250,Market,Drama,2009,25-10-2009,USA,100,1550,2152
251,Animal window happy,Drama,1957,09-11-1957,USA,51,214,136
252,Wait four,Comedy,2018,14-04-2018,USA,68,1038,50
253,Huge view make,Action,2025,12-01-2025,USA,43,1894,770
254,Worry third,Romance,1991,22-10-1991,USA,84,500,737
255,Father carry new late,Comedy,1998,24-03-1998,USA,81,1285,869
256,Before,Thriller,1990,26-11-1990,USA,32,27883,1239
257,Part eight,Comedy,1994,11-06-1994,USA,66,21600,283
258,Last he,Drama,2002,10-10-2002,China,39,1783,284
259,Us check artist,Horror,2008,03-12-2008,USA,74,2813,71
260,Color little,Romance,2002,23-01-2002,USA,76,3304,512
261,As energy,Drama,1999,07-07-1999,USA,74,230,170
262,Maybe article,Drama,1994,15-02-1994,USA,95,306,66
263,Whom improve,Thriller,2020,22-04-2020,USA,79,30301,6528
264,Reason leader create,Comedy,2005,14-11-2005,UK,28,6587,50
265,Person material during,Sci-Fi,1972,26-06-1972,USA,58,11153,63
266,True live,Comedy,2017,03-04-2017,Japan,94,8737,53
267,Sign nation go,Drama,1968,20-03-1968,USA,44,24619,808
268,Manager difficult such ball,Thriller,1974,27-02-1974,USA,33,10423,137
269,Then sound,Comedy,2016,18-01-2016,USA,60,20914,216
270,Night industry,Drama,2005,26-03-2005,Canada,55,6443,142
271,Together Mrs,Drama,2019,07-03-2019,USA,34,752,636
272,General less professor,Drama,1983,09-11-1983,France,39,1146,901
273,Between cause sort,Drama,2014,21-08-2014,USA,70,4380,239
274,Miss type,Action,2022,04-08-2022,UK,61,2421,50
275,Style discover bar,Documentary,1995,17-06-1995,USA,40,1673,1864
276,Remember instead,Drama,1980,01-12-1980,USA,58,3544,601
277,Strategy whose,Drama,1963,26-06-1963,USA,74,1445,17899
278,Although ever,Action,1989,17-04-1989,USA,81,1255,136
279,Sport just score,Sci-Fi,1997,05-08-1997,USA,32,1945,1012
280,Role personal customer,Thriller,2006,01-06-2006,USA,47,9620,398
281,Exactly since,Drama,2025,23-01-2025,UK,57,3587,175570
282,Surface ball hospital,Action,1984,16-07-1984,USA,45,78780,141
283,Under water,Horror,1998,14-07-1998,USA,72,15482,4505
284,Traditional do,Thriller,2013,30-11-2013,UK,92,1219,1089
285,Can bad during,Drama,1996,29-03-1996,Canada,28,120472,107
286,Goal care,Drama,1993,02-02-1993,USA,66,2517,422
287,Base keep,Sci-Fi,2007,07-08-2007,Canada,85,10175,58
288,Resource laugh,Drama,2018,16-09-2018,USA,77,3113,102
289,Raise within,Drama,1992,27-09-1992,France,58,2974,123
290,Maybe,Action,1983,10-05-1983,USA,42,305,50
291,Work,Action,1966,11-10-1966,USA,86,985,6677
292,Very store together,Drama,2006,12-12-2006,USA,55,37261,255
293,Child realize certain Republican,Action,1976,04-04-1976,USA,64,4716,215
294,Yard accept language,Action,2023,07-08-2023,India,58,657,131
295,Force,Action,1988,22-12-1988,USA,64,819,1711
296,Guy also,Comedy,1987,29-09-1987,France,57,1353,204
297,But board,Romance,1995,14-11-1995,USA,68,1211,50
298,Smile,Drama,2012,28-07-2012,USA,88,717,106466
299,Key,Drama,1993,02-10-1993,USA,66,11757,1071
300,Sea remember myself,Action,2023,20-01-2023,India,55,220,11857
301,Today bad time,Documentary,1984,18-12-1984,South Korea,20,3870,6023
302,Model western,Romance,2014,21-04-2014,USA,97,319,2059
303,Individual available,Documentary,1977,29-11-1977,USA,57,2588,3598
304,Save moment,Action,1963,02-02-1963,USA,50,2669,1658
305,Particularly price,Action,1983,05-06-1983,USA,89,1920,2066
306,Hundred,Drama,1956,06-01-1956,Germany,36,2171,1300
307,Available born whom,Romance,1968,20-10-1968,Canada,29,183,50
308,Include machine standard,Action,2001,24-03-2001,USA,64,227,944
309,Often be response modern,Comedy,2023,09-06-2023,USA,100,174,5958
310,Nation receive ten through,Action,2021,30-04-2021,USA,53,850,2038
311,Role happy,Romance,1982,31-12-1982,USA,78,331,1753
312,Run serve,Comedy,1972,10-02-1972,Australia,81,5697,399
313,Paper himself fight,Comedy,2008,12-11-2008,India,78,40896,131
314,Tax every east,Drama,1978,24-10-1978,USA,62,192,8423
315,Difference,Thriller,1993,24-05-1993,USA,40,2557,2231
316,Relationship defense,Horror,2004,28-09-2004,Japan,53,1583,11482
317,Religious teacher what,Sci-Fi,1988,01-05-1988,USA,91,6379,313
318,Force interview fine,Action,1967,25-11-1967,USA,36,11775,1820
319,Memory blue,Comedy,1979,09-08-1979,France,89,7497,997
320,You charge,Romance,1970,03-06-1970,USA,75,18101,451
321,Network off much,Comedy,2017,05-10-2017,USA,67,33660,29230
322,Build,Romance,2025,28-02-2025,USA,47,281,83
323,Feel detail,Thriller,2015,21-09-2015,USA,69,15705,117
324,Who,Romance,1994,04-03-1994,UK,100,10287,377
325,Present offer kid,Action,1978,03-04-1978,France,37,7124,2857
326,West crime front,Sci-Fi,2003,16-06-2003,India,52,2750,2815
327,Middle environment standard,Sci-Fi,1995,29-11-1995,USA,56,1719,1756
328,Positive,Horror,1966,09-06-1966,USA,52,2302,804
329,Fund why key,Thriller,1961,01-01-1961,USA,64,5540,77
330,Develop design,Sci-Fi,2016,22-08-2016,USA,63,758,477
331,Risk marriage,Sci-Fi,2016,28-02-2016,USA,76,950,7704
332,Mouth,Romance,1972,26-06-1972,USA,78,1632,1916
333,Write half water,Horror,2017,03-04-2017,India,73,1430,5404
334,Daughter just simply,Thriller,2001,05-04-2001,USA,59,10583,650
335,Bag ago there,Romance,2003,19-02-2003,USA,62,14096,153
336,Hundred term identify,Romance,1979,07-01-1979,USA,100,8371,334
337,Hotel development animal,Action,2002,14-06-2002,Australia,97,157,50
338,Another activity,Action,1992,30-07-1992,USA,100,28650,50
339,Son thought,Action,2021,28-12-2021,India,67,21032,136
340,Month outside,Romance,2025,24-08-2025,USA,39,176,76
341,Material name,Action,1978,14-01-1978,USA,60,3120,3697
342,Seek live nature,Documentary,2009,21-11-2009,Canada,78,4836,133
343,Admit,Horror,2005,24-08-2005,Japan,62,2762,469
344,Raise from,Romance,2020,20-07-2020,USA,34,7421,50
345,Despite east law,Drama,2012,09-05-2012,UK,78,1128,463
346,Morning stop front,Romance,2014,01-02-2014,USA,98,6264,59
347,Experience begin,Comedy,2022,15-12-2022,UK,34,2162,1496
348,Player hair hear partner,Comedy,1962,01-01-1962,USA,72,7945,3263
349,Go official,Romance,2019,03-07-2019,USA,67,3302,160
350,Important call method,Comedy,1995,02-05-1995,USA,44,631,11533
351,Should although growth,Drama,1970,14-02-1970,USA,66,841,50
352,Fire focus job,Drama,1992,19-11-1992,USA,60,2006,424
353,Push analysis financial wonder,Action,2025,04-05-2025,UK,62,595,1388
354,Hope guy science,Action,1986,31-05-1986,USA,51,4032,753
355,Certainly space nature,Comedy,2006,13-03-2006,USA,69,46242,227
356,Same even,Drama,2022,12-06-2022,India,57,3769,125
357,Although most,Thriller,1990,20-01-1990,USA,69,793,1351
358,Themselves line,Drama,2009,16-12-2009,USA,82,4479,2040
359,There price condition,Drama,1970,20-12-1970,USA,29,767,847
360,No picture scientist,Thriller,2019,11-08-2019,USA,76,4240,769
361,List past,Horror,2020,20-03-2020,USA,37,871,9208
362,Maintain administration,Drama,2015,18-07-2015,USA,70,22886,1308
363,Reason,Drama,2005,31-10-2005,USA,50,169,375
364,Later law into,Action,2009,18-10-2009,USA,90,3408,2922
365,Unit end,Sci-Fi,1999,15-08-1999,USA,78,3250,1746
366,Trip ready,Comedy,1967,05-05-1967,USA,28,14835,312
367,Black behind yes,Comedy,1999,31-03-1999,USA,80,128,286
368,Agree by since,Drama,2019,03-04-2019,USA,40,4606,102
369,White fine house,Drama,1964,11-11-1964,India,72,59972,110
370,Home factor front time,Documentary,1957,04-06-1957,USA,61,222,1960
371,Down say nature,Drama,1971,27-05-1971,USA,33,3773,80
372,New customer service,Sci-Fi,1956,18-06-1956,Canada,32,4538,3014
373,Learn race maintain,Comedy,2020,29-04-2020,USA,77,3047,50
374,Start road city,Sci-Fi,1990,21-02-1990,USA,60,12748,50
375,Best author well,Thriller,1990,14-05-1990,USA,81,4357,318
376,Generation south tough behind,Documentary,2014,16-11-2014,USA,74,1826,240
377,Charge very,Romance,2017,17-09-2017,USA,81,1565,325
378,Bit public them,Comedy,2017,11-02-2017,USA,36,14231,1008
379,Begin have care,Drama,2022,08-06-2022,Canada,78,303,50
380,Report glass arm,Comedy,1970,07-08-1970,USA,65,493,503
381,Space,Drama,2004,14-09-2004,South Korea,16,4807,1121
382,Foot today,Sci-Fi,2020,19-02-2020,USA,53,8192,7379
383,Control sell fast,Horror,2015,22-07-2015,USA,19,1102,75
384,Material between get,Comedy,2015,25-08-2015,Japan,65,3181,13409
385,My look,Drama,2008,10-04-2008,USA,65,271,207
386,Likely town,Comedy,1968,30-11-1968,India,81,4791,357
387,Law prove kid,Drama,1957,25-09-1957,Canada,68,1079,1012
388,Close piece,Comedy,2017,22-07-2017,USA,58,2036,50
389,Let notice my,Romance,2022,08-06-2022,Japan,70,4303,427
390,Store blood through,Drama,1978,14-03-1978,USA,40,1224,352
391,Bring meeting,Drama,2010,19-12-2010,USA,79,530,2185
392,Assume recognize look,Romance,1997,20-10-1997,USA,60,3697,471
393,Can bad during,Action,2007,03-05-2007,USA,32,2145,684
394,Develop movement,Action,1979,07-01-1979,USA,68,14650,24390
395,Artist others,Drama,2017,24-09-2017,USA,71,553,1542
396,Cup half near,Romance,1996,24-12-1996,Japan,92,3930,50
397,Middle can call,Horror,1994,24-10-1994,USA,90,13118,659
398,Even doctor learn little,Drama,1992,10-02-1992,USA,32,3959,131
399,Strategy boy nor,Comedy,2023,12-01-2023,USA,52,1753,352
400,Guy employee,Comedy,2012,18-10-2012,USA,40,1363,33012
401,Sea much politics management,Documentary,1993,24-02-1993,USA,86,4211,4929
402,Event along also,Documentary,1950,28-03-1950,Canada,96,40838,1352
403,My spend,Thriller,1990,08-04-1990,USA,100,10747,351
404,Chance interest,Romance,1976,28-11-1976,USA,15,1824,913
405,Month outside,Drama,2018,03-04-2018,Australia,37,2196,1845
406,Fear article take,Romance,1989,03-12-1989,China,90,1688,96
407,Big television fear car,Thriller,1965,11-03-1965,USA,71,7775,936
408,Name tonight,Romance,1997,21-06-1997,Australia,32,2037,50
409,Charge area,Romance,2017,22-07-2017,USA,68,5467,674
410,Admit media,Drama,2018,09-09-2018,UK,75,1717,50
411,Approach yard military,Thriller,1996,05-12-1996,Canada,86,1137,165
412,Foreign night staff,Drama,2005,09-04-2005,USA,61,2831,1709
413,Nature avoid generation,Drama,1977,07-01-1977,USA,77,1146,342
414,Only six,Horror,1987,21-02-1987,USA,65,9388,50
415,Attention detail,Action,1995,08-09-1995,Germany,57,2246,649
416,Reality thank,Horror,2011,07-07-2011,USA,49,128194,1935
417,Simply form case,Romance,1964,29-09-1964,China,65,1305,1502
418,Manager themselves,Drama,2011,20-10-2011,USA,55,33200,68
419,Theory shake,Comedy,1997,30-05-1997,India,69,5921,50
420,Short here,Horror,2008,05-04-2008,USA,80,100,2369
421,Ball allow,Comedy,2003,26-07-2003,USA,76,335,2434
422,New assume,Drama,1979,05-04-1979,USA,66,2794,777
423,Her character,Drama,1983,24-04-1983,USA,69,314,12102
424,Another behavior,Action,2005,12-06-2005,USA,64,21280,36496
425,Likely cut follow feel,Comedy,1989,21-03-1989,UK,54,2968,485
426,Star painting,Documentary,2011,04-01-2011,USA,73,2257,93
427,Contain common,Drama,2023,08-02-2023,USA,85,2110,340
428,Model western,Comedy,2018,19-05-2018,USA,73,5558,447
429,Company president media,Comedy,1986,24-12-1986,USA,67,6987,864
430,Fill garden,Action,1974,03-03-1974,USA,98,2782,1141
431,Man,Comedy,2008,19-06-2008,South Korea,46,526,7929
432,Small majority,Comedy,2012,14-06-2012,USA,81,7249,3021
433,Large protect wish notice,Romance,2004,19-12-2004,USA,70,3168,4370
434,Recognize fine shake,Comedy,2003,28-04-2003,USA,86,5089,50
435,Him argue spend,Action,1985,27-06-1985,USA,88,30685,528
436,Pretty head,Thriller,1980,02-03-1980,China,99,1038,1514
437,Decide out performance,Thriller,1989,21-10-1989,Australia,69,2902,582
438,Almost understand ever,Thriller,1979,04-06-1979,China,100,567,691
439,Trouble require positive,Comedy,2009,16-10-2009,USA,44,7685,50
440,Clearly value our,Action,1984,23-10-1984,China,65,14188,180
441,Party full,Action,1983,13-05-1983,USA,58,1566,131
442,Range role fall,Comedy,2006,30-03-2006,Canada,74,2745,1590
443,Authority,Comedy,2000,07-05-2000,USA,100,3773,50
444,Room concern show,Comedy,2020,05-03-2020,UK,77,770,161
445,Poor Republican,Drama,2023,11-11-2023,USA,75,991,296
446,Above onto,Drama,2021,23-09-2021,USA,70,1192,221
447,Act thus since,Thriller,2019,07-09-2019,USA,21,191,7821
448,Society finally,Sci-Fi,1991,04-01-1991,USA,48,4977,304
449,Three meet set,Drama,2006,27-02-2006,USA,55,163,330
450,Alone president,Romance,2016,24-09-2016,USA,70,3792,1622
451,Try consumer,Romance,1998,16-03-1998,USA,100,17143,178
452,Control would finally,Thriller,1965,14-04-1965,USA,76,48333,3311
453,Best feeling protect,Drama,1975,27-08-1975,France,58,1536,50
454,Investment detail,Comedy,1993,18-12-1993,India,57,292,50
455,Live physical,Drama,2012,26-01-2012,India,54,2237,3074
456,Little if result,Documentary,1996,14-08-1996,USA,81,2052,84
457,Bank central song,Action,2022,23-12-2022,USA,55,625,50
458,Mrs step,Romance,2015,20-03-2015,USA,64,7317,2464
459,Father interesting,Comedy,1967,24-10-1967,USA,71,9137,3192
460,Six imagine,Drama,2013,11-10-2013,USA,68,15594,448
461,Present recognize reduce,Horror,1975,24-07-1975,France,48,2036,935
462,Run him never,Horror,1953,23-07-1953,USA,89,4258,8414
463,Action model,Comedy,2007,10-11-2007,USA,66,3045,223
464,Any life,Drama,2007,14-09-2007,USA,76,568,2887
465,May treat group senior,Drama,1999,15-12-1999,UK,58,6393,1281
466,Present appear see,Romance,2000,19-12-2000,USA,64,752,505
467,Case environmental loss possible,Romance,1960,12-07-1960,India,62,1076,949
468,Continue international,Horror,2018,28-03-2018,USA,46,3269,65
469,Truth increase lead,Horror,2016,27-11-2016,USA,92,3588,215
470,Image paper,Action,1990,28-04-1990,USA,44,3285,503
471,Rock manager morning no,Thriller,1986,11-04-1986,USA,68,1623,50
472,Brother article will,Drama,1953,26-01-1953,USA,54,1856,62
473,Nothing significant,Thriller,2023,08-05-2023,UK,76,5145,143
474,Partner at choose,Action,1987,23-05-1987,USA,68,3208,301
475,Specific movie responsibility response,Thriller,2025,04-09-2025,USA,53,7952,278
476,Bed right,Drama,1979,04-07-1979,India,57,2931,402
477,Keep far tough,Romance,1990,08-09-1990,USA,68,1318,778
478,Television nor visit,Comedy,1994,12-03-1994,USA,46,443,27363
479,Ok single,Comedy,1950,13-04-1950,USA,68,1233,101
480,Happen,Documentary,2001,07-05-2001,India,57,2468,198
481,Keep realize its,Action,1985,11-11-1985,USA,97,1025,51
482,Perform thousand,Comedy,2008,30-04-2008,USA,74,824,28730
483,Common three size,Drama,2015,06-09-2015,USA,65,20741,161
484,All friend,Comedy,2006,14-07-2006,India,64,2628,1018
485,Thing important staff,Horror,1989,29-08-1989,USA,100,22571,765
486,Even expert,Comedy,1969,20-03-1969,France,54,157,50
487,Wife once task,Comedy,2023,23-03-2023,USA,66,5579,214
488,Nature PM,Horror,2022,03-07-2022,USA,66,3336,94
489,Statement event,Romance,2000,05-07-2000,USA,44,535,333
490,Thing nor,Thriller,1994,03-02-1994,USA,68,1389,50
491,Option charge them,Documentary,1990,10-09-1990,Canada,51,6460,50
492,Political write huge,Romance,1970,12-01-1970,USA,59,1714,5363
493,Every indicate,Drama,2005,10-12-2005,USA,77,1590,170
494,Leg cultural,Comedy,1962,11-06-1962,USA,47,16484,302
495,Practice career one,Comedy,1980,27-03-1980,USA,79,921,905
496,Sell democratic indeed,Thriller,2014,19-10-2014,USA,83,1294,66
497,Newspaper offer,Comedy,2023,23-02-2023,USA,69,389,77
498,Prevent full,Romance,1988,26-05-1988,India,60,70929,204
499,Indeed force few,Drama,1994,28-09-1994,USA,100,9157,447
500,Whether land determine,Comedy,2024,05-07-2024,USA,78,5916,1186
501,Successful successful four,Horror,2012,19-03-2012,USA,66,20881,50
502,View leave religious,Sci-Fi,1974,17-02-1974,India,56,5206,360
503,Water somebody,Documentary,2017,22-05-2017,USA,72,2913,165
504,Two history four without,Thriller,1985,08-04-1985,USA,25,1054,1156
505,Some color their,Comedy,2015,28-06-2015,Canada,62,5181,50
506,Onto language left,Romance,2011,08-07-2011,USA,75,24736,849
507,Keep he,Drama,1983,31-01-1983,USA,33,8019,112
508,East night,Documentary,1951,02-02-1951,USA,86,16228,351
509,Since especially personal,Comedy,2007,13-10-2007,USA,63,2983,123
510,Myself individual different,Action,1990,17-11-1990,USA,66,266,50
511,Artist recently interest on,Drama,1998,22-08-1998,India,93,5747,162
512,Statement event,Action,2025,27-01-2025,USA,59,10166,5326
513,Exist run technology,Action,2003,25-12-2003,USA,98,7172,648
514,Quality report,Action,1998,22-07-1998,China,63,13700,404
515,Base buy,Horror,1968,16-03-1968,UK,60,3099,50
516,Society seat,Comedy,2019,24-11-2019,USA,100,7495,113
517,Threat whom,Drama,2021,27-08-2021,Canada,79,2784,3395
518,Table pressure,Drama,2005,10-08-2005,USA,58,2568,154
519,Forget thousand case,Action,1975,30-03-1975,India,68,355,4864
520,Clearly trip painting,Romance,1969,28-09-1969,USA,59,7302,50
521,Probably election,Drama,2006,29-04-2006,USA,69,666,50
522,Threat,Romance,1985,25-03-1985,USA,83,956,1717
523,Collection design,Drama,2025,09-10-2025,USA,55,9293,107
524,Couple,Comedy,2002,20-03-2002,USA,45,2378,84
525,Use least article,Romance,1988,18-06-1988,USA,76,5574,12915
526,Finish,Action,2002,11-01-2002,USA,55,3997,929
527,Stock score significant,Action,2013,13-08-2013,USA,55,1803,494
528,Rise majority enter attack,Drama,2023,02-03-2023,USA,68,288,50
529,More forward under,Action,1962,15-10-1962,USA,39,3091,392
530,Watch kitchen amount rate,Thriller,1971,04-06-1971,Japan,77,4056,1927
531,Politics lawyer,Drama,2020,11-10-2020,USA,59,18206,4061
532,Agency force,Horror,2009,11-01-2009,USA,40,141,50
533,Foreign lose important interview,Thriller,1997,11-05-1997,USA,90,9058,780
534,Imagine brother,Drama,1965,21-12-1965,USA,57,55014,434
535,Involve group,Comedy,2025,05-07-2025,France,69,1213,50
536,Laugh rest six,Romance,2011,10-03-2011,USA,69,15133,98
537,Team among,Comedy,1991,29-03-1991,USA,69,9163,50
538,After positive,Comedy,1979,06-11-1979,USA,100,195,594
539,Mention six officer,Thriller,2009,24-10-2009,UK,55,443,628
540,Worry set hot,Drama,1969,10-01-1969,USA,100,519,1444
541,Seat product,Action,1969,05-03-1969,China,84,5659,3700
542,North police,Romance,2005,10-04-2005,Germany,67,703,2832
543,National,Action,2023,22-01-2023,USA,52,1790,114
544,Way able,Drama,1964,01-01-1964,USA,71,4500,485
545,Family now trouble financial,Thriller,1996,11-02-1996,UK,47,392,3360
546,Order,Comedy,1999,12-12-1999,USA,65,34959,209
547,Toward kitchen science,Comedy,1995,02-03-1995,USA,100,25034,55
548,Represent,Documentary,2018,09-08-2018,USA,82,6440,200
549,Nature should,Action,2001,15-05-2001,USA,100,2811,8032
550,Child until political,Drama,1978,21-03-1978,Australia,65,12533,225
551,Need morning suddenly effort,Romance,2001,15-09-2001,USA,64,1126,757
552,War base,Action,2018,08-03-2018,USA,39,383,98
553,Mission civil care law,Action,2021,16-02-2021,USA,49,1387,74
554,Activity information to,Comedy,1969,02-06-1969,India,48,10740,2040
555,Understand chance run,Comedy,2020,09-11-2020,USA,70,1780,50
556,Simple turn policy then,Sci-Fi,1979,04-09-1979,USA,74,5893,1454
557,Agreement wrong,Drama,1968,28-09-1968,Australia,52,2365,101
558,Describe pull,Drama,1987,04-06-1987,USA,42,1369,105
559,Position arrive discuss,Documentary,1994,29-03-1994,USA,63,4070,672
560,Course now,Thriller,2022,16-09-2022,South Korea,55,4056,554
561,Door design appear,Drama,1978,24-05-1978,France,72,2824,218
562,Difficult candidate,Action,2023,04-03-2023,USA,81,187,3616
563,Rest,Horror,2001,08-07-2001,France,44,1830,4462
564,Leg else,Sci-Fi,2025,04-12-2025,Canada,70,12019,154
565,Story at also region,Drama,1999,15-08-1999,India,71,36874,2068
566,Common toward,Thriller,1985,21-09-1985,UK,99,335,416
567,Exist run technology,Thriller,1982,04-03-1982,India,31,841,739
568,Necessary much,Sci-Fi,1973,10-06-1973,USA,35,9428,963
569,Involve who,Documentary,2002,17-01-2002,USA,65,1321,228
570,Pretty administration,Thriller,1957,08-04-1957,USA,66,3391,342
571,Whose speech,Drama,2007,06-12-2007,USA,75,269,281
572,Show paper,Thriller,1998,10-06-1998,USA,35,6367,149
573,Throughout message,Romance,1990,16-08-1990,India,89,4289,96
574,Off guy news,Thriller,2016,11-06-2016,USA,77,11761,1956
575,Stage,Drama,2009,13-05-2009,USA,49,692,5114
576,Point price central public,Action,2017,25-12-2017,USA,56,1836,799
577,Benefit teacher,Drama,1993,31-03-1993,USA,87,2356,35769
578,Day,Drama,1990,22-03-1990,USA,59,30764,278
579,Mr think full,Thriller,2023,29-03-2023,USA,72,2290,858
580,Surface game,Horror,2022,11-09-2022,USA,59,57586,163
581,Fire scientist,Drama,2022,18-08-2022,UK,97,1687,210
582,Address cup,Romance,2016,11-06-2016,UK,58,69898,18018
583,City outside,Comedy,2009,24-11-2009,USA,71,10206,3589
584,Use area many,Drama,2023,21-11-2023,USA,69,22205,173
585,Hand always,Comedy,2014,13-02-2014,USA,60,743,165
586,Grow president,Romance,1980,07-06-1980,USA,79,6610,239
587,Increase continue somebody,Action,2011,04-11-2011,USA,72,11772,106
588,Model western,Drama,1984,21-05-1984,USA,93,2277,208
589,Bank much,Comedy,2014,02-09-2014,USA,62,626,50
590,Red budget nothing,Romance,1980,01-07-1980,India,58,3347,3687
591,Floor recent,Romance,1977,21-04-1977,USA,39,5697,971
592,Involve produce,Documentary,2015,21-11-2015,USA,79,831,100
593,Woman tax,Drama,1990,21-04-1990,Canada,90,728,79
594,Total enough company,Romance,2016,28-05-2016,USA,71,1714,104
595,Garden prepare both,Drama,2002,18-07-2002,USA,90,1062,149
596,Project,Drama,2020,08-08-2020,UK,39,9041,50
597,Already mission,Horror,1972,21-03-1972,USA,63,2626,824
598,Attorney trade environment,Drama,1997,09-11-1997,USA,76,3936,643
599,Foot doctor under style,Horror,2018,07-02-2018,USA,58,2449,237
600,Director you,Sci-Fi,2001,25-07-2001,USA,80,37867,1533
601,Floor place,Horror,1986,24-04-1986,USA,94,807,8376
602,Local medical recent,Action,2018,07-02-2018,USA,60,438,501
603,Look fire scene,Comedy,2022,29-11-2022,USA,63,7116,4269
604,Federal why boy,Thriller,2000,04-07-2000,USA,73,64025,2624
605,Second candidate education newspaper,Drama,1964,15-10-1964,USA,87,4439,7592
606,When,Comedy,1995,20-12-1995,USA,58,2376,1136
607,Officer child phone,Drama,1998,17-01-1998,USA,45,8628,4442
608,Social election once,Horror,1991,23-03-1991,USA,63,901,50
609,These economy collection success,Action,1975,22-10-1975,USA,63,15599,50
610,Drive everything,Romance,2013,25-09-2013,France,45,4142,85
611,See agency,Drama,1999,22-12-1999,USA,56,15590,50
612,Among development force,Comedy,2016,04-06-2016,USA,81,11700,50
613,Still thus,Horror,1962,22-07-1962,USA,70,509,1249
614,After offer,Comedy,1999,14-03-1999,USA,59,2734,231
615,Gun wear action,Action,2003,18-06-2003,USA,50,3969,1431
616,See,Action,2009,14-02-2009,USA,45,1102,98
617,Benefit teacher,Comedy,1991,25-07-1991,China,71,9944,938
618,Price guy that,Action,2000,22-01-2000,USA,54,1579,181
619,Deal middle,Romance,2010,08-02-2010,USA,93,22746,95
620,Ago TV include,Romance,2024,27-08-2024,China,73,7473,154
621,Like represent,Action,1971,01-07-1971,USA,100,1993,698
622,Nor energy,Documentary,2020,28-11-2020,USA,54,9678,144
623,Everybody raise,Thriller,2015,29-09-2015,Germany,100,2285,30991
624,Their,Comedy,2002,05-02-2002,USA,59,13717,50
625,Pass human,Comedy,1985,14-03-1985,USA,95,18348,50
626,Much watch cold,Thriller,2014,30-11-2014,USA,61,498,9304
627,Couple throw,Thriller,2012,16-09-2012,Japan,64,1471,2428
628,Culture institution ready,Action,1997,28-11-1997,USA,41,3402,730
629,Know throughout world air,Comedy,2024,29-11-2024,USA,77,1635,1664
630,School go get,Comedy,1980,17-11-1980,USA,66,1608,756
631,Involve model,Comedy,1994,04-02-1994,USA,48,24942,1340
632,Million specific social,Action,2016,12-01-2016,USA,68,2640,235
633,Others buy,Drama,1994,04-09-1994,USA,63,1581,10198
634,Everybody control,Drama,1990,14-02-1990,USA,84,3196,5480
635,Cup consider capital,Romance,1991,28-12-1991,USA,66,5487,132
636,Trade score mention finally,Drama,1969,31-08-1969,USA,88,16617,222
637,Different way,Horror,2011,29-08-2011,USA,75,958,190
638,Smile story research,Sci-Fi,2002,24-07-2002,USA,73,5190,621
639,On tax,Sci-Fi,1951,30-01-1951,USA,59,617,50
640,Worry raise,Drama,1992,31-12-1992,USA,58,3250,470
641,Executive pressure,Documentary,1977,04-11-1977,USA,66,1497,294
642,Instead fact design,Comedy,1979,07-06-1979,USA,68,5407,50
643,Director final,Thriller,2011,11-07-2011,China,60,4084,50
644,Show poor,Comedy,2012,03-02-2012,USA,47,4870,50
645,Finally including forget,Comedy,2000,01-04-2000,USA,88,113634,764
646,Consumer section,Drama,1983,20-10-1983,USA,62,11262,140
647,Read perhaps customer,Drama,1975,08-07-1975,China,57,1635,12211
648,Per,Thriller,2020,03-10-2020,USA,75,12345,1755
649,Capital room save,Documentary,1996,08-03-1996,Canada,84,1600,489
650,Appear certain,Drama,1978,27-04-1978,UK,73,935,451
651,Piece growth add,Romance,1987,28-06-1987,South Korea,60,23609,50
652,Class democratic,Action,2003,14-12-2003,USA,100,831,525
653,Eye establish people,Action,2017,26-04-2017,USA,58,855,2370
654,Finish write trouble,Horror,2017,13-04-2017,USA,56,3605,50
655,Security exactly,Horror,1991,29-04-1991,USA,88,662,50
656,Strong property call,Action,2007,13-11-2007,USA,53,6158,92
657,Increase probably blue,Action,1996,30-12-1996,USA,71,45548,70
658,Open base,Documentary,2002,08-12-2002,Japan,89,8081,1501
659,Today cold condition,Horror,1958,09-05-1958,USA,72,3122,50
660,Whether guy,Drama,2013,01-08-2013,South Korea,76,3743,60
661,Half strategy available,Drama,1979,29-04-1979,USA,52,10895,690
662,His fly wear,Romance,1993,04-09-1993,India,64,4882,73
663,Suggest could,Comedy,1961,29-11-1961,USA,67,28765,250
664,End after about,Drama,2022,15-06-2022,USA,62,496,3912
665,Reduce after,Drama,1999,29-06-1999,Canada,73,2390,132
666,Family test,Action,2014,11-10-2014,Canada,52,318,533
667,Listen mean inside matter,Horror,2013,28-02-2013,France,72,2858,187
668,Need man,Sci-Fi,1969,22-11-1969,USA,85,32581,447
669,Need art man,Action,2023,04-11-2023,USA,62,1218,624
670,Course now,Action,1995,31-03-1995,Canada,73,14789,1852
671,Subject dark road,Action,2024,30-04-2024,India,55,14990,806
672,Mrs step,Comedy,1991,09-09-1991,USA,38,8210,590
673,Maybe this through,Documentary,2010,15-05-2010,USA,78,5111,20178
674,More forward under,Drama,1989,15-11-1989,China,61,3136,1472
675,Pretty administration,Comedy,1965,25-05-1965,Canada,89,760,188
676,Degree visit note exactly,Thriller,1963,22-06-1963,USA,67,235,279
677,Difference improve body,Horror,2010,21-01-2010,USA,63,27807,375
678,Everyone art,Romance,1969,18-07-1969,USA,54,1916,342
679,Real outside again,Comedy,1996,11-11-1996,USA,92,1118,50
680,Happen enough,Horror,2022,26-10-2022,USA,61,2172,603
681,Activity fish above,Comedy,1964,29-12-1964,USA,86,140,235
682,Challenge important,Drama,2022,12-03-2022,USA,100,4648,1274
683,Coach lay,Horror,2023,30-01-2023,USA,25,8212,50
684,Station investment,Thriller,1957,03-05-1957,USA,66,5418,50
685,Imagine brother,Horror,2025,19-12-2025,Canada,91,4032,190
686,Value enough,Action,2021,28-11-2021,USA,64,2687,987
687,Race professional,Drama,1991,18-10-1991,USA,40,922,50
688,Rate now up,Comedy,1977,15-06-1977,USA,59,498,172
689,Gun magazine,Comedy,2003,20-02-2003,USA,31,709,88
690,Institution,Comedy,1993,02-02-1993,USA,60,2576,8332
691,Fish feel,Comedy,1953,17-10-1953,Germany,45,1753,8203
692,Hope guy science,Horror,2002,25-12-2002,USA,54,113,4156
693,Several share season,Romance,2012,15-07-2012,France,84,2721,2894
694,Difficult beautiful table,Horror,2011,02-04-2011,USA,97,2118,441
695,Lay anyone,Action,1955,07-02-1955,USA,97,5352,3991
696,Perform player argue,Action,2009,22-08-2009,Germany,53,2419,768
697,Group can security line,Comedy,1993,21-07-1993,USA,43,7965,1079
698,Since close power whatever,Thriller,1988,09-09-1988,Australia,55,626,101
699,Sign only such,Romance,1994,20-01-1994,India,71,25737,91
700,Tax former,Action,2022,27-07-2022,UK,65,3900,68
701,According something become,Sci-Fi,2005,18-07-2005,USA,53,1086,250
702,Certain partner trial,Action,1956,12-03-1956,USA,100,1213,582
703,Space contain,Drama,2007,18-02-2007,USA,48,295,135
704,These democratic,Drama,1982,02-06-1982,USA,65,17217,2080
705,Live really form,Comedy,1984,11-10-1984,USA,48,7638,449
706,Town every remember,Thriller,1984,12-06-1984,Australia,60,3000,244
707,Candidate,Comedy,2019,06-04-2019,USA,82,12757,548
708,Learn community,Thriller,1975,18-08-1975,Canada,54,20732,161
709,Threat range,Action,1990,22-04-1990,Germany,97,17301,834
710,Care knowledge,Action,2012,19-03-2012,India,77,83530,3262
711,How both,Comedy,1982,10-04-1982,USA,35,4162,352
712,Chair interest education,Horror,1983,16-11-1983,USA,61,3358,1343
713,Professional job security,Drama,2011,22-02-2011,USA,87,3524,50
714,Pm wind,Drama,2004,20-03-2004,USA,87,274,50
715,Growth,Drama,1963,26-09-1963,USA,87,712,2833
716,Environmental million,Comedy,2024,31-07-2024,USA,55,100,4836
717,Tax left,Drama,2020,14-11-2020,USA,73,4834,82
718,Event else,Horror,2011,08-05-2011,India,43,1794,828
719,Nice piece near,Action,2016,24-06-2016,USA,66,100,398
720,Record road fine,Drama,1987,24-02-1987,USA,71,3438,1267
721,Country firm student air,Thriller,2000,23-07-2000,USA,68,18487,158
722,Concern citizen economy,Action,2004,06-02-2004,USA,47,424,1378
723,Store send maybe,Horror,1995,02-03-1995,USA,19,2438,543
724,Without to,Action,2013,15-04-2013,USA,86,5469,244
725,May question father,Comedy,2009,27-11-2009,USA,42,923,275
726,Gas account memory,Drama,2018,20-10-2018,USA,58,843,495
727,Energy next,Horror,2008,02-10-2008,USA,66,857,50
728,Increase move seat,Drama,1991,02-07-1991,USA,60,57764,507
729,Without to,Thriller,1987,13-05-1987,USA,78,17666,317
730,Shoulder project see,Sci-Fi,2018,31-08-2018,USA,57,3213,444
731,Lead option,Comedy,2006,27-03-2006,USA,60,4377,50
732,Response information,Action,2012,25-05-2012,USA,70,9400,1520
733,Spend government,Romance,2001,13-03-2001,USA,81,26505,74
734,Chance skin tell,Drama,2013,20-04-2013,China,50,5517,50
735,Drug wish,Action,2018,17-10-2018,USA,55,654,388
736,Type Congress,Drama,1997,07-04-1997,USA,70,2966,50
737,They to,Romance,2002,09-07-2002,India,45,4438,441
738,Parent determine part,Thriller,2025,11-03-2025,USA,91,1359,726
739,Another already draw,Action,2012,21-12-2012,India,64,3952,50
740,Any,Comedy,1987,12-08-1987,USA,44,598,644
741,Down yourself grow street,Thriller,2020,01-05-2020,USA,65,13206,421
742,Network head,Drama,1995,13-03-1995,USA,60,9709,593
743,Community young hit,Drama,2017,31-07-2017,USA,53,555,726
744,Choose still serve,Action,2000,04-10-2000,USA,55,100,800
745,Probably behavior,Comedy,2023,07-10-2023,USA,92,1377,6399
746,Forget study some,Thriller,2011,26-04-2011,South Korea,63,7254,515
747,Pressure and,Sci-Fi,1996,12-08-1996,Japan,77,3805,2109
748,Throw sea find,Horror,2023,30-11-2023,USA,57,6955,976
749,End,Horror,2000,18-03-2000,USA,76,1080,195
750,Approach behavior discover,Sci-Fi,2000,31-05-2000,USA,60,30366,226
751,So staff,Drama,1991,21-08-1991,USA,70,3320,1355
752,So stuff,Horror,2000,14-02-2000,Australia,75,19857,49756
753,Entire daughter,Drama,1982,27-02-1982,USA,63,1162,237
754,Pay hit beyond,Drama,1969,17-06-1969,USA,62,896,1284
755,Firm lot,Action,2019,13-03-2019,Germany,68,11399,152794
756,Beautiful human church,Comedy,2024,19-11-2024,USA,73,361,10898
757,Far investment risk,Action,2021,26-06-2021,USA,58,4119,262
758,From Republican maybe you,Thriller,1976,24-06-1976,UK,93,6135,11693
759,National small including,Action,2015,03-06-2015,USA,47,4832,893
760,Study full war,Romance,2020,28-12-2020,Australia,44,2048,412
761,So concern feeling rich,Comedy,1964,04-01-1964,USA,59,1712,1302
762,Gun firm,Comedy,1956,20-07-1956,USA,62,160,2930
763,Compare edge,Thriller,2017,30-10-2017,Australia,55,14389,1350
764,Deep draw record,Sci-Fi,2009,06-05-2009,USA,62,1379,1839
765,Science Republican floor six,Action,2009,29-10-2009,USA,34,2573,2539
766,Amount style win,Documentary,1984,08-12-1984,USA,58,906,1946
767,Institution present contain sort,Horror,1961,07-05-1961,USA,56,1605,1032
768,Wish save,Horror,1985,29-03-1985,India,71,2071,4717
769,Free at hold,Romance,2010,30-08-2010,USA,93,492,295
770,Film word if meeting,Comedy,1974,10-04-1974,South Korea,77,10859,103
771,His fly wear,Action,2007,09-05-2007,USA,59,1520,739
772,Issue me fly,Comedy,2008,30-04-2008,USA,82,2551,50
773,Learn race maintain,Action,1962,01-06-1962,USA,51,789,50
774,Family before decide,Comedy,2007,29-03-2007,UK,69,10293,39361
775,Specific your consumer,Action,2006,30-07-2006,China,62,2216,3747
776,Citizen movie year,Sci-Fi,2013,23-02-2013,USA,85,1852,8220
777,According assume figure,Drama,1968,13-04-1968,USA,56,4522,1774
778,Term stage central,Thriller,2005,12-01-2005,USA,64,100,1645
779,Would,Thriller,2021,24-10-2021,USA,79,3465,94
780,Why team program,Thriller,2019,17-07-2019,USA,96,16523,50
781,She bag,Thriller,2017,22-09-2017,USA,89,516,1508
782,Rather glass determine,Horror,2017,04-04-2017,Australia,76,1872,3202
783,Skill,Thriller,1996,29-06-1996,Japan,82,2595,1417
784,Still thus,Comedy,1987,07-03-1987,UK,51,3079,197
785,Expect heavy smile,Comedy,2002,24-10-2002,USA,33,960,570
786,Look,Drama,1985,21-01-1985,USA,58,3072,5363
787,Opportunity hotel mention,Horror,2022,18-10-2022,Australia,62,2339,129
788,Someone,Thriller,1950,15-10-1950,USA,61,2344,703
789,Thing analysis wrong magazine,Documentary,2017,16-04-2017,India,51,282,314
790,Again since suffer,Drama,1984,03-12-1984,USA,87,4676,612
791,Be whose way,Horror,1980,03-08-1980,USA,79,413,50
792,Else off,Action,1994,31-08-1994,USA,48,1967,1127
793,Operation maintain today,Thriller,1993,26-12-1993,USA,79,1528,5937
794,Bad baby write,Action,2003,20-02-2003,USA,71,5046,863
795,Hope,Action,2020,14-11-2020,USA,73,5868,10864
796,Onto rise,Thriller,1952,29-09-1952,USA,54,12753,2137
797,Individual or likely option,Drama,2001,01-06-2001,USA,38,3898,94
798,Thousand baby,Drama,2010,26-11-2010,USA,92,274,50
799,Address line arm,Romance,1998,01-08-1998,USA,76,744,659
800,Argue operation,Drama,1987,13-06-1987,USA,60,13809,153
801,Under deep situation,Thriller,1996,31-08-1996,USA,58,578,6185
802,Then tough,Action,1998,21-01-1998,Japan,70,237,343
803,Dream when,Documentary,1985,25-12-1985,USA,42,20494,303
804,Reach,Romance,2017,03-04-2017,USA,77,15480,2672
805,Process several accept,Drama,1970,25-02-1970,UK,58,6585,50
806,Whose ten,Drama,1996,15-05-1996,USA,63,532,454
807,Community imagine,Comedy,2024,04-11-2024,USA,67,7264,1100
808,Maybe of,Drama,2019,09-07-2019,Japan,83,2631,74
809,Foot doctor under style,Action,1985,15-07-1985,USA,35,9406,704
810,Fight life positive,Drama,2025,11-12-2025,USA,74,11518,39739
811,Section major,Comedy,1996,13-10-1996,Australia,34,2226,1457
812,Suffer two,Drama,2013,16-03-2013,USA,93,1708,66
813,Nice piece near,Drama,2014,08-03-2014,USA,57,47154,319
814,Personal agent low,Sci-Fi,1999,08-09-1999,Canada,62,9403,50
815,So staff,Comedy,2022,22-03-2022,USA,100,30284,78
816,Figure my painting,Action,2001,31-08-2001,USA,28,1265,86
817,When list she politics,Documentary,2020,30-07-2020,South Korea,51,6746,2681
818,Challenge parent than,Action,2025,04-07-2025,USA,38,16552,62
819,City outside,Thriller,2010,30-12-2010,UK,72,1612,2630
820,Laugh rest six,Thriller,2011,19-12-2011,China,48,1416,2292
821,Like old,Action,2009,14-07-2009,USA,31,1843,61
822,Speech,Comedy,1998,04-08-1998,USA,60,9165,3831
823,Skill,Comedy,1996,15-12-1996,UK,75,24517,719
824,Position of nation,Comedy,1962,06-01-1962,UK,28,3259,2747
825,Approach consumer front,Drama,1959,27-05-1959,USA,89,228,21266
826,Get mean show,Documentary,2006,09-08-2006,India,52,40336,218
827,Safe adult price,Documentary,2025,15-12-2025,USA,50,1372,50
828,Short always,Comedy,2024,31-05-2024,USA,2,4756,50
829,Pay light season truth,Drama,1971,09-09-1971,USA,81,1637,50
830,Smile couple,Comedy,1994,03-01-1994,USA,52,14566,8214
831,Plant discuss theory believe,Drama,1961,13-02-1961,USA,59,24591,243
832,Worry marriage number,Drama,2009,20-03-2009,USA,61,2706,654
833,Let mouth,Action,2007,24-01-2007,USA,76,3256,1396
834,Century mouth,Drama,2013,04-03-2013,Canada,54,1360,50
835,White class reduce,Comedy,2016,08-12-2016,USA,88,18631,1019
836,Another face,Comedy,1970,01-11-1970,France,61,760,194
837,See rise,Comedy,1988,07-06-1988,Canada,72,4827,284
838,Own,Action,2007,08-02-2007,USA,58,1574,17083
839,Expert theory step,Action,1999,19-09-1999,USA,64,1648,636
840,Itself grow return police,Drama,1977,01-07-1977,USA,68,1526,6381
841,Stay reveal,Drama,2002,11-04-2002,USA,25,985,244
842,Something history,Comedy,1997,05-03-1997,USA,62,8181,202
843,Ever treat,Documentary,1969,20-09-1969,USA,42,1247,591
844,Play establish,Drama,1974,25-04-1974,USA,51,1451,50
845,Control sell fast,Drama,1977,23-07-1977,USA,72,14924,253
846,Positive once,Drama,2012,08-10-2012,Japan,51,14013,130
847,According parent,Drama,1998,28-02-1998,France,35,2651,237
848,Challenge important,Comedy,2020,14-12-2020,UK,67,40831,707
849,Air wrong,Drama,1982,03-04-1982,USA,66,3507,914
850,Model live,Drama,1965,20-11-1965,USA,47,1242,75
851,Performance else data conference,Horror,1978,28-06-1978,USA,77,479,10188
852,Design teacher administration,Thriller,1997,15-09-1997,USA,50,4136,374
853,Run foreign,Romance,2020,10-08-2020,USA,75,442,50
854,Smile deal investment pay,Documentary,1988,03-02-1988,USA,56,503,331
855,Center identify,Drama,1989,25-07-1989,India,63,2600,4080
856,Research join,Sci-Fi,2018,26-03-2018,USA,75,14123,4317
857,Country picture,Comedy,1996,01-05-1996,France,47,1211,2804
858,Help base,Horror,2003,16-10-2003,USA,26,263,4532
859,Current successful,Romance,2017,03-02-2017,USA,52,427,2298
860,Prepare yet take,Action,1992,26-08-1992,USA,38,876,13876
861,Take operation,Drama,2005,05-09-2005,China,70,12291,2055
862,Second,Comedy,1989,17-10-1989,USA,79,4690,50
863,Court discuss almost,Horror,2008,23-09-2008,USA,50,919,439
864,Weight budget,Documentary,1977,29-10-1977,Canada,65,1555,1434
865,Teacher those,Thriller,2015,22-07-2015,USA,61,8075,709
866,Candidate attorney level sure,Romance,1999,24-03-1999,USA,80,368,10690
867,Bed land there,Drama,1959,23-04-1959,USA,36,9748,859
868,Sit receive,Comedy,1998,11-10-1998,USA,69,3015,262
869,Computer concern,Thriller,2024,06-02-2024,USA,36,3627,50
870,Note six though,Drama,1999,29-08-1999,USA,61,913,424
871,Option budget themselves professional,Drama,1981,11-07-1981,USA,59,8480,240
872,Shake,Documentary,1969,30-05-1969,Canada,92,16483,3385
873,Major follow series,Comedy,2025,17-10-2025,USA,63,774,1183
874,Officer child phone,Thriller,1974,11-10-1974,USA,65,6358,50
875,Throw over,Drama,1976,28-06-1976,USA,56,8436,1253
876,Various clearly,Action,1987,19-01-1987,UK,80,5018,69
877,Bar kind right,Drama,1992,20-11-1992,USA,49,6176,50
878,Production thank,Horror,1964,05-07-1964,France,58,263,50
879,Sign other,Documentary,1999,26-11-1999,USA,45,6440,966
880,Join song,Action,1988,12-03-1988,USA,58,1547,549
881,Fish feel,Drama,2017,08-08-2017,USA,59,10235,50
882,Page institution someone,Documentary,1975,22-08-1975,USA,85,905,50
883,Prevent truth,Romance,2013,14-05-2013,Australia,39,215,3598
884,Throw,Action,2008,20-11-2008,USA,100,4380,720
885,First day exactly,Horror,1960,31-01-1960,USA,44,12166,769
886,Time level,Drama,2011,08-03-2011,USA,77,3422,1535
887,Conference region,Drama,2001,31-05-2001,USA,78,664,689
888,Go summer,Thriller,2008,04-10-2008,USA,43,833,568
889,Final thank key,Comedy,1977,27-05-1977,USA,57,1178,651
890,Window difference maybe,Sci-Fi,2015,07-04-2015,USA,77,172,456
891,Increase probably blue,Comedy,2013,15-10-2013,USA,81,342,2023
892,Lot operation,Romance,2002,19-02-2002,USA,95,831,332
893,Walk,Action,2015,31-12-2015,USA,67,230,537
894,Such employee,Action,1952,04-11-1952,China,96,1375,473
895,Common see,Comedy,1954,26-06-1954,USA,100,16315,1293
896,Official possible,Drama,2024,11-04-2024,USA,99,5834,3362
897,They music,Comedy,2011,29-11-2011,UK,81,626,996
898,Hotel possible,Thriller,1990,19-12-1990,UK,40,8241,631
899,Action,Action,2014,18-04-2014,USA,94,203,122
900,Company,Horror,2025,22-02-2025,Canada,46,708,50
901,Fire defense painting,Comedy,1971,15-12-1971,USA,43,1097,216
902,Network head,Drama,2003,02-05-2003,UK,78,2799,844
903,Break his white,Documentary,1978,15-04-1978,USA,69,339,314
904,Real personal sign arm,Thriller,1962,10-10-1962,USA,78,14955,14931
905,Door network,Action,2025,13-05-2025,USA,68,201,13024
906,Subject environment,Drama,1992,16-06-1992,UK,75,48331,12316
907,Country,Comedy,2004,20-06-2004,USA,58,608,1598
908,Current boy crime,Drama,2000,21-12-2000,USA,100,1422,1284
909,Positive project,Action,1986,14-09-1986,USA,52,692,768
910,Industry house note,Comedy,1958,13-03-1958,UK,36,776,5322
911,Though firm almost,Drama,1976,15-03-1976,Australia,66,4635,2375
912,Population section,Action,2002,20-09-2002,USA,68,2688,1029
913,Majority realize,Horror,2013,20-09-2013,USA,59,2192,1915
914,Choice four line,Romance,2015,05-06-2015,USA,51,3354,219
915,Customer year,Sci-Fi,1976,06-05-1976,South Korea,48,1945,147
916,Itself role,Horror,2009,22-03-2009,China,42,1346,3937
917,Choice like lot,Romance,2019,26-05-2019,USA,100,6860,294
918,Not himself rule,Romance,2008,17-09-2008,China,40,1906,124
919,Either teach letter,Comedy,2012,03-04-2012,Australia,76,4741,70
920,Director,Action,2007,13-08-2007,USA,57,3387,2187
921,Hope experience,Action,1976,25-09-1976,USA,82,414,5189
922,War address tough,Horror,2014,20-09-2014,USA,85,1664,94
923,Anyone black father,Thriller,1989,10-10-1989,USA,75,161,714
924,Force budget expert,Comedy,1980,06-06-1980,Canada,84,128067,127
925,Finally more design,Drama,2018,03-07-2018,USA,64,7049,246
926,Store send maybe,Action,2007,26-12-2007,USA,46,28819,355
927,Form,Action,2006,04-02-2006,UK,46,1182,53
928,Lot significant gun,Drama,1979,27-11-1979,USA,22,7590,57
929,Situation eye remember,Action,1990,16-09-1990,USA,80,18785,161
930,Thousand hear always,Action,1976,18-12-1976,USA,75,1510,1523
931,Size interesting,Drama,1974,04-01-1974,USA,68,2627,21830
932,Energy significant,Comedy,1977,03-01-1977,USA,59,3560,1690
933,Build high,Comedy,1980,10-12-1980,USA,55,2760,426
934,Beat,Drama,1966,29-06-1966,Canada,83,4236,533
935,Find imagine,Comedy,1987,04-02-1987,USA,81,21234,561
936,Son very,Action,1980,27-08-1980,USA,43,979,115
937,Product general everyone,Drama,1965,30-08-1965,USA,94,3703,84
938,Land culture,Drama,2021,09-07-2021,Japan,29,20508,1005
939,Industry instead,Drama,1988,26-04-1988,USA,86,3037,354
940,Camera know knowledge,Documentary,2023,23-08-2023,USA,57,749,1571
941,Body thought,Horror,1956,09-03-1956,USA,59,5224,180
942,Mean structure,Comedy,2013,18-08-2013,Australia,45,1400,806
943,According participant thing exactly,Romance,2023,30-07-2023,USA,64,3059,132
944,Specific soldier street,Drama,2014,25-11-2014,USA,81,3573,888
945,Bit reason successful,Drama,1989,10-01-1989,USA,72,62796,50
946,Improve painting story,Drama,1994,15-02-1994,USA,73,3256,288
947,End nature,Drama,1995,21-09-1995,USA,47,4818,578
948,Gun country natural,Thriller,2010,19-06-2010,UK,42,1545,207
949,Physical themselves money,Action,2005,13-10-2005,USA,50,2172,942
950,Treat,Action,1970,26-11-1970,Canada,46,118,67
951,Born very save,Documentary,1995,04-12-1995,USA,54,4000,82
952,Wide fill practice,Drama,1987,07-12-1987,USA,69,7429,56
953,Likely care,Thriller,1992,05-06-1992,India,42,6455,110
954,Right friend light,Horror,1960,03-02-1960,India,77,143,352
955,Over cover,Comedy,1990,03-11-1990,Canada,51,786,2100
956,Week maybe,Comedy,2014,18-05-2014,USA,36,1292,147
957,Others part,Comedy,2025,27-12-2025,USA,66,6833,50
958,Nothing source forward,Drama,1967,11-02-1967,USA,61,515,124
959,Draw choose seat,Comedy,1961,13-06-1961,USA,62,10180,2138
960,Left enough occur,Comedy,1979,06-10-1979,USA,69,3709,364
961,Forward number,Comedy,2012,03-10-2012,USA,44,432,2755
962,Stuff way small,Drama,2017,17-07-2017,USA,57,1811,310
963,Song above yourself,Drama,2023,12-12-2023,USA,70,2040,346
964,Majority,Drama,1972,24-01-1972,France,55,875,50
965,May option,Drama,1988,10-05-1988,China,41,1146,54
966,Close less Republican,Drama,1985,18-05-1985,USA,51,1645,80
967,Fear Democrat voice,Thriller,2012,17-11-2012,USA,75,2253,530
968,Office strong,Comedy,2022,03-02-2022,USA,76,353,1656
969,Long explain arrive,Drama,1971,11-07-1971,USA,67,7396,369
970,Put perhaps song,Drama,1995,26-01-1995,USA,62,14459,1495
971,There spring teach,Sci-Fi,2024,28-08-2024,USA,66,3720,50
972,Two daughter,Drama,1999,09-01-1999,China,46,1136,2552
973,Huge respond and,Drama,1987,14-06-1987,USA,50,2862,57
974,Spend fire value,Drama,1964,10-06-1964,Canada,43,835,8244
975,Letter memory,Action,1999,29-12-1999,USA,54,11967,310
976,Wait opportunity management,Drama,2005,10-05-2005,USA,54,18891,1908
977,People like wear,Horror,1996,09-06-1996,USA,92,1420,50
978,White class reduce,Action,1997,16-06-1997,USA,34,7950,50
979,Specific author charge,Sci-Fi,2017,27-07-2017,China,64,18107,301
980,Throw point relationship,Horror,1998,04-05-1998,UK,49,1877,50
981,Figure television wrong,Thriller,2011,17-11-2011,USA,95,1003,4668
982,Everybody control,Comedy,2014,27-12-2014,USA,47,89665,71
983,It face necessary news,Drama,2020,27-08-2020,Australia,84,710,12031
984,Difference moment,Comedy,1979,03-02-1979,USA,33,169,17631
985,Over test,Thriller,2001,19-09-2001,USA,73,11163,1651
986,Option series,Documentary,1967,25-09-1967,USA,62,10726,690
987,Agreement,Thriller,2012,01-03-2012,USA,74,3100,719
988,Suddenly candidate give,Action,2025,04-08-2025,India,64,12477,270
989,Forget perhaps test different,Drama,1991,02-04-1991,USA,62,2498,203
990,Offer president network,Drama,1988,22-02-1988,USA,84,3444,8101
991,Car debate,Documentary,1965,06-09-1965,India,75,23132,111
992,Every energy actually,Drama,1991,16-02-1991,India,58,30539,120
993,Site lead,Comedy,2006,26-09-2006,USA,66,1988,29915
994,Discussion lose,Sci-Fi,2021,06-09-2021,USA,66,7773,689
995,What act,Romance,1997,08-07-1997,USA,54,999,185
996,Central star,Comedy,1998,16-09-1998,USA,89,48626,50
997,Meeting drive,Action,1989,08-07-1989,USA,36,24203,3220
998,No approach,Comedy,2010,09-03-2010,USA,64,73478,132
999,Collection deal,Drama,1953,16-02-1953,USA,68,519,56
1000,Parent probably,Documentary,2009,17-12-2009,UK,77,7834,1357
